{
  "n_jobs": 125,
  "k": 0.5,
  "gurobi_status": 9,
  "achieved_mip_gap": 0.013534191670521653,
  "objective_value": 3762.4526523790405,
  "solve_time_sec": 600.0789999961853,
  "sorted_schedule": {
    "1": [
      106,
      90,
      88,
      92,
      37,
      61,
      11,
      81,
      89,
      52,
      46
    ],
    "2": [
      108,
      17,
      97,
      53,
      94,
      107
    ],
    "3": [
      19,
      59,
      29,
      118,
      24,
      123
    ],
    "4": [
      69,
      98,
      50,
      48,
      120,
      113
    ],
    "5": [
      75,
      38,
      7,
      2,
      74,
      36
    ],
    "6": [
      12,
      14,
      23,
      86,
      51,
      31
    ],
    "7": [
      99,
      26,
      25,
      66,
      105,
      54
    ],
    "8": [
      124,
      47,
      49,
      119,
      34,
      110
    ],
    "9": [
      58,
      95,
      117,
      115,
      87,
      77
    ],
    "10": [
      122,
      13,
      56,
      96,
      27,
      116
    ],
    "11": [
      121,
      6,
      30,
      64,
      57,
      109
    ],
    "12": [
      80,
      91,
      111,
      63,
      93,
      55
    ],
    "13": [
      41,
      102,
      5,
      39,
      15,
      40
    ],
    "14": [
      44,
      76,
      84,
      9,
      65,
      43
    ],
    "15": [
      8,
      32,
      3,
      101,
      10,
      85
    ],
    "16": [
      28,
      42,
      22,
      82,
      112,
      72
    ],
    "17": [
      70,
      1,
      68,
      45,
      16,
      100
    ],
    "18": [
      35,
      78,
      4,
      79,
      71,
      33
    ],
    "19": [
      73,
      62,
      60,
      83,
      21,
      20
    ],
    "20": [
      104,
      125,
      114,
      18,
      103,
      67
    ]
  },
  "p_robust": {
    "1": 156.5857101074366,
    "2": 160.7938649643074,
    "3": 158.8636976653834,
    "4": 161.33499354946056,
    "5": 162.36265326354928,
    "6": 154.75205939146576,
    "7": 158.58702713380464,
    "8": 148.5081876835701,
    "9": 162.74635700490688,
    "10": 163.14554345161685,
    "11": 151.8557390071533,
    "12": 150.78375750944522,
    "13": 156.8119073767005,
    "14": 151.73921251827414,
    "15": 163.93473035601093,
    "16": 164.33410130172928,
    "17": 150.54885544367409,
    "18": 162.16438114472928,
    "19": 148.46503561536704,
    "20": 170.31379738292264,
    "21": 165.37318987408364,
    "22": 159.11378477229187,
    "23": 159.7107533433145,
    "24": 167.80132607185763,
    "25": 158.51887318533767,
    "26": 157.9809405337392,
    "27": 161.3616982953091,
    "28": 146.17395778574692,
    "29": 158.2131807628226,
    "30": 159.83793281907424,
    "31": 169.84503658058523,
    "32": 157.41155909170487,
    "33": 167.3297693370277,
    "34": 164.71510351280654,
    "35": 149.33652773690082,
    "36": 171.81849101505478,
    "37": 148.36236884123525,
    "38": 151.87103506679165,
    "39": 162.93259139208976,
    "40": 163.9850977811778,
    "41": 152.750924397607,
    "42": 155.81576731646365,
    "43": 174.7671778455262,
    "44": 150.25858682390117,
    "45": 161.03383778353125,
    "46": 170.589765965657,
    "47": 155.01889540834782,
    "48": 160.36185086796078,
    "49": 155.2175349259744,
    "50": 158.1262436018024,
    "51": 166.00198356693363,
    "52": 164.29917591958326,
    "53": 160.2386537903183,
    "54": 169.8003584766446,
    "55": 171.6218897589906,
    "56": 158.51522776919165,
    "57": 162.87283981520136,
    "58": 146.63510587303156,
    "59": 157.39757984932504,
    "60": 157.34775097065312,
    "61": 149.93411714020516,
    "62": 154.73318270149127,
    "63": 158.70046229173713,
    "64": 161.14245783625586,
    "65": 168.95850983023067,
    "66": 160.9352105059073,
    "67": 171.7437177696995,
    "68": 157.22445020429095,
    "69": 154.3948839173985,
    "70": 150.4990174664373,
    "71": 165.7865265150958,
    "72": 176.13716833249273,
    "73": 147.02327432772972,
    "74": 169.1468679999951,
    "75": 147.62581895399126,
    "76": 151.01829470420074,
    "77": 178.40848487263673,
    "78": 153.1281047652551,
    "79": 161.8357544359987,
    "80": 148.9179875213695,
    "81": 153.11276905591328,
    "82": 160.08077730613178,
    "83": 163.78726041364325,
    "84": 151.78435521441986,
    "85": 169.84278835547948,
    "86": 161.74445531945813,
    "87": 170.4539535754381,
    "88": 148.3238410598373,
    "89": 154.28894975293423,
    "90": 146.55022406558962,
    "91": 155.49673519748617,
    "92": 148.33257827754989,
    "93": 168.3810044434334,
    "94": 165.28777673437807,
    "95": 150.55304782396664,
    "96": 160.39218581010394,
    "97": 157.5613781532009,
    "98": 155.53617608146004,
    "99": 151.3276431586151,
    "100": 169.22419971914132,
    "101": 161.50364805596544,
    "102": 153.58540690061494,
    "103": 164.76019730969358,
    "104": 149.58723990727168,
    "105": 161.20873517300916,
    "106": 140.84100139014993,
    "107": 177.68913233401275,
    "108": 148.66390109221177,
    "109": 168.5377065468406,
    "110": 172.4122965246565,
    "111": 156.48684768594694,
    "112": 161.74582175576924,
    "113": 169.20248326697765,
    "114": 160.20470282402704,
    "115": 162.0771857484412,
    "116": 173.01842035428007,
    "117": 151.5986907396415,
    "118": 159.81555082874306,
    "119": 162.18322164281517,
    "120": 162.2344326175513,
    "121": 152.4819865936333,
    "122": 149.61527244577772,
    "123": 168.27831116591244,
    "124": 150.1987056047135,
    "125": 150.02290888973198
  }
}